{
  "cooling_kwh_per_m2": {
    "rmse": 6.36962706142144,
    "mae": 3.9603776089802154,
    "r2": 0.6397133255750355
  },
  "heating_kwh_per_m2": {
    "rmse": 10.746315244487231,
    "mae": 6.238038268445214,
    "r2": 0.6172979904565498
  },
  "other_electricity_kwh_per_m2": {
    "rmse": 4.476329819193607,
    "mae": 2.6454487926425694,
    "r2": 0.5662555593762739
  }
}