{
  "cooling_kwh_per_m2": {
    "rmse": 3.0005996608441947,
    "mae": 1.610622877380905,
    "r2": 0.9195205569580078
  },
  "heating_kwh_per_m2": {
    "rmse": 3.142623133195863,
    "mae": 1.2339778936633172,
    "r2": 0.9669413781704421
  },
  "other_electricity_kwh_per_m2": {
    "rmse": 2.971653635080584,
    "mae": 1.6128059671499002,
    "r2": 0.8090068816801637
  }
}