{
  "cooling_kwh_per_m2": {
    "rmse": 2.6900002306246447,
    "mae": 1.381710401967005,
    "r2": 0.9354230899595575
  },
  "heating_kwh_per_m2": {
    "rmse": 3.79457927922939,
    "mae": 1.447450028421999,
    "r2": 0.9518708195391566
  },
  "other_electricity_kwh_per_m2": {
    "rmse": 2.741698615394318,
    "mae": 1.427368949271544,
    "r2": 0.8374572526458806
  }
}