{
  "cooling_kwh_per_m2": {
    "rmse": 3.0078437525603965,
    "mae": 1.60829150642495,
    "r2": 0.9191819983640684
  },
  "heating_kwh_per_m2": {
    "rmse": 3.671603667595413,
    "mae": 1.3890865640635,
    "r2": 0.9544934713774056
  },
  "other_electricity_kwh_per_m2": {
    "rmse": 2.956010499889048,
    "mae": 1.593011897405294,
    "r2": 0.8109134388134658
  }
}