{
  "cooling_kwh_per_m2": {
    "rmse": 6.28667962186297,
    "mae": 3.9818324704969887,
    "r2": 0.6491152097922218
  },
  "heating_kwh_per_m2": {
    "rmse": 10.482170259713445,
    "mae": 6.224634466686519,
    "r2": 0.6359257381188217
  },
  "other_electricity_kwh_per_m2": {
    "rmse": 4.3875872635761715,
    "mae": 2.6318837796096943,
    "r2": 0.5834538008113921
  }
}