{
  "cooling_kwh_per_m2": {
    "rmse": 2.630628116305648,
    "mae": 1.3329266438276743,
    "r2": 0.9380862902888071
  },
  "heating_kwh_per_m2": {
    "rmse": 3.0798709243337874,
    "mae": 1.1508276198627498,
    "r2": 0.9682127915863494
  },
  "other_electricity_kwh_per_m2": {
    "rmse": 2.7415985490208525,
    "mae": 1.4132703810571856,
    "r2": 0.8373434994808797
  }
}