{
  "rows_after_filter": 2889,
  "rows_with_fa_gt_0": 2889,
  "feature_count": 20,
  "fa_min": 4.768919711014027,
  "fa_max": 760513.0883849863,
  "fa_median": 72995.82799486506
}