center,mean_shap,count
0.025,6.943683624267578,421
0.07500000000000001,1.6468833684921265,93
0.125,0.2190011441707611,117
0.17500000000000002,-0.43718913197517395,126
0.225,-0.5043307542800903,133
0.275,-0.5502801537513733,155
0.32500000000000007,-0.8023963570594788,144
0.375,-0.8682094216346741,171
0.42500000000000004,-0.9574620723724365,178
0.475,-1.0942567586898804,154
0.525,-1.1655709743499756,168
0.5750000000000001,-1.3123153448104858,129
0.625,-1.2579975128173828,166
0.675,-1.4426910877227783,125
0.7250000000000001,-1.506861686706543,133
0.775,-1.5682679414749146,91
0.8250000000000001,-1.8071259260177612,91
0.875,-2.0746169090270996,60
0.925,-1.9726380109786987,47
0.9750000000000001,-2.2017173767089844,187
